Topic,Count,Name,Representation,Representative_Docs
-1,5229,-1_magyar_péter_tisza_orbán,"['magyar', 'péter', 'tisza', 'orbán', 'ukrán', 'magyar péter', 'viktor', 'orbán viktor', 'párt', 'videó']","['„slava ukraini!” – magyar péter szövetségese orbán viktort próbálta bemószerolni, végül a tisza pártot hozta kimagyarázhatatlan helyzetbe (videó) kemény hangvételű videóüzenetet tett közzé tseber roland, magyar péter ukrán kém barátja, amelyben élesen bírálta orbán viktor magyar miniszterelnök politikáját, valamint a magyar kormány ukrajnával kapcsolatos álláspontját.\n\ntseber üzenetét a magyar néphez és annak vezetőjéhez intézte, azt állítva,', 'orbán balázs: vasárnap arról döntünk, hogy zelenszkij vagy orbán viktor alakítson-e kormányt orbán viktor pénteken székesfehérváron folytatta kampánykörútját, melyről orbán balázs is közölt képeket közösségi oldalán .\n\nmost vasárnap arról kell döntenünk, hogy zelenszkij vagy orbán viktor alakítson kormányt”\n\n– hívta fel a figyelmet a politikai igazgató.\n\naz ukránbarát tisza-kormány beleráng', 'orbán viktor kemény üzenetet küldött a szijjártó pétert érintő tiszás ügynökbotránnyal kapcsolatban – videó elfogadhatatlannak és szégyenteljesnek nevezte orbán viktor a szijjártó péter külügyminiszter ellen irányuló támadást . kiemelte: a lehallgatási botrány a kormány ellen, a tisza párt érdekében és azon keresztül történt. a kormányfő határozottan kijelentette, hogy magyarország nem fogja annyiban hagy']"
0,4340,0_orbán_viktor_orbán viktor_ukrán,"['orbán', 'viktor', 'orbán viktor', 'ukrán', 'magyar', 'orosz', 'péter', 'zelenszkij', 'ukrajna', 'miniszterelnök']","['a műholdképek nem hazudnak: orbán viktor bemutatta a bizonyítékokat a barátság kőolajvezeték állapotáról és az orosz olajszállításról tartott nemzetbiztonsági egyeztetésen vett részt hétfő reggel orbán viktor miniszterelnök.\n\na rendelkezésünkre álló műholdfelvételek és operatív információk alapján egyértelmű, hogy a barátság kőolajvezeték működőképes\n\n– jelentette k', 'itt van orbán viktor válasza zelenszkij halálos fenyegetésére orbán viktor szerint zelenszkij nem őt, hanem magyarországot fenyegeti. a miniszterelnök azt írta, hogy ez nem téríti el attól, hogy megvédje a magyar családokat.\n\norbán viktor a videóban élesen reagált az ukrán államfő üzenetére. az előzmény az, hogy volodimir zelenszkij ukrán államfő példátlan mód', 'most érkezett: elkezdett kapálózni zelenszkij, azonnal meghívta egy találkozóra orbánt andrij szibiha, ukrajna külügyminisztere szerint budapest figyelmen kívül hagyta, hogy volodimir zelenszkij ukrán elnök és orbán viktor magyar miniszterelnök közvetlen találkozójára tett javaslatot a barátság kőolajvezeték ügyében – írja a korrespondent .\n\nszibiha bírálta orbán viktort az eu 90 mill']"
1,242,1_irán_iráni_izrael_izraeli,"['irán', 'iráni', 'izrael', 'izraeli', 'amerikai', 'egyesült', 'államok', 'keleten', 'egyesült államok', 'rekedt']","['irán több ország ellen indított támadást, dubajban óvóhelyre menekültek az emberek – videó izrael és az egyesült államok egy átfogó katonai hadművelet során megelőző csapássorozatot hajtott végre irán ellen. teherán ezt követően izrael és a környező országok – amerikai katonai bázisai – ellen indított rakéta, illetve dróntámadásokkal válaszolt. az iráni nemzetbiztonsági tanács a főváros e', 'háború a közel-keleten: az iráni rezsim összeomlása a cél, erre lehet számítani! ahogy arról a mandiner is beszámolt : izrael megelőző csapást mért iránra, amit az izraeli védelmi miniszter, jiszráel kac jelentett be szombat reggel. az izraeli hadvezetés szerint a művelet célja az iráni katonai és nukleáris kapacitások gyengítése.\n\na támadásba az egyesült államok hadereje is bek', 'háború a közel-keleten: így indított egyesült államok és izrael összehangolt katonai műveletet irán ellen izrael megelőző csapást mért iránra, amit az izraeli védelmi miniszter, jiszráel kac jelentett be szombat reggel. az izraeli hadvezetés szerint a művelet célja az iráni katonai és nukleáris kapacitások gyengítése volt.\n\naz izraeli védelmi erők országos riasztást rendelt el,\n\na lakosság mobiltelefono']"
2,214,2_kutatás_segíthet_betegség_szív,"['kutatás', 'segíthet', 'betegség', 'szív', 'vizsgálat', 'írja', 'focus', 'egészséges', 'kutatók', 'egyszerű']","['10 szuperélelmiszer, ami megfiatalítja a testet és az elmét az egészséges öregedéshez nemcsak a mozgás, hanem a táplálkozás is kulcsfontosságú. a megfelelő ételek rendszeres fogyasztása segíthet megelőzni az időskori betegségeket, erősíti a testet és az elmét, miközben hosszú távon támogatja a jó közérzetet. a szakértők elárulták, melyek a legjobb szuperélel', 'hétköznapi szokás segíthet a rettegett betegség megelőzésében a vizsgálat szerint a demencia kockázata akár több mint negyedével is alacsonyabb lehet, ha valaki legalább heti egy alkalommal főz. a kutatás több mint 10 ezer, 65 év feletti embert követett hat éven keresztül, és egyértelmű összefüggést talált a főzés gyakorisága és a betegség kialakulása között –', 'ezekkel az egyszerű szokásokkal elkerülheti a szívrohamot egy friss kutatás szerint nem szükséges drasztikus életmódváltás ahhoz, hogy jelentősen csökkentsük a szívroham kockázatát. a tudósok arra jutottak, hogy már néhány apró, mindennapi szokás megváltoztatása is komoly hatással lehet a szív- és érrendszer egészségére – írja a dailymail .\n\na vizsgálat er']"
3,197,3_színésznő_oscar_sydney_írja,"['színésznő', 'oscar', 'sydney', 'írja', 'sztár', 'énekesnő', 'szexi', 'merész', 'rajongók', 'blikk']","['brutális dekoltázzsal reklámozza saját fehérnemű márkáját sydney sweeney a 28 éves sztár a kaliforniai stagecoach fesztiválon tűnt fel, ahol saját márkája, a syrn hivatalos fehérnemű partnerként vett részt az eseményen. sydney sweeney nemcsak reklámozta a kollekciót — a darabokat maga viselte, és pózolt bennük a rajongók előtt – írja a dailystar .\n\na színésznő korábban ő', 'sydney sweeney mindent letarolt a botránya után sydney sweeney karrierje látványos fordulatot vett, és ezzel együtt a vagyona is meredeken emelkedhetett. a színésznő az elmúlt években nemcsak filmes és sorozatos sikerekkel, hanem komoly üzleti együttműködésekkel is felhívta magára a figyelmet – írja a dailymail .\n\nsajtóértesülések szerint a sztár', 'sokkoló változás sydney sweeney-nél: alig ismernek rá a rajongók a szexi színésznőre sydney sweeney-re most tényleg alig lehet ráismerni: mintha teljesen megváltozott volna a szexi színésznő, és egy időre maga mögött hagyta volna a korábban megszokott, fülledt, erotikától hemzsegő megjelenését. az érzéki szexizések, a dögös fotók , a merész dekoltázsok, a kivillanó idomok, cicik, lá']"
4,157,4_időjárás_várható_fok_napos,"['időjárás', 'várható', 'fok', 'napos', 'hőmérséklet', 'csapadék', 'idő', 'köpönyeg', 'szél', 'számíthatunk']","['készüljön fel a hétvégére: nem az jön, amire számít az időjárás előrejelzés alapján pénteken és szombaton is többnyire derült, tavaszias idő lesz. csapadék nem várható, a hőmérséklet napközben emelkedik, hajnalban viszont többfelé fagypont közelébe csökken.\n\njellemzően derült, napos, enyhe, tavaszias idő várható a hétvégén, 15 celsius-fok körüli csúc', 'ma még esővel és széllel csap le az időjárás, de már nem tart sokáig kedden, 2026. március 31-én erősen felhős, sokfelé borult idő várható, és több helyen eső is kialakulhat, miközben az északi, északnyugati szél élénk, helyenként erős lehet. az időjárás a főváros térségében is csapadékos marad, a csúcshőmérséklet 9 fok körül alakulhat, reggel pedig nagyjából 4 fokot', 'végre érkezik a tavasz? mutatjuk a várható időjárást! az előttünk álló napokban kedvezően alakul az időjárás, csütörtökön kifejezetten napos, száraz időre számíthatunk. a hét második felében és a hétvégén is többórás napsütés valószínű, miközben a hőmérséklet fokozatosan emelkedik – tájékoztat a köpönyeg .\n\ncsütörtökön országszerte napos idő várható, l']"
5,156,5_lehetőségeket_fejlődési_változatos_tartalmat,"['lehetőségeket', 'fejlődési', 'változatos', 'tartalmat', 'záloga', 'minőségi', 'keressük', 'olvasó', 'témák', 'egyedülálló']","['nan kiemelt témák\n\nrovatok\n\nportfóliónk minőségi tartalmat jelent minden olvasó számára. egyedülálló elérést, országos lefedettséget és változatos megjelenési lehetőséget biztosít. folyamatosan keressük az új irányokat és fejlődési lehetőségeket. ez jövőnk záloga.', 'nan kiemelt témák\n\nrovatok\n\nportfóliónk minőségi tartalmat jelent minden olvasó számára. egyedülálló elérést, országos lefedettséget és változatos megjelenési lehetőséget biztosít. folyamatosan keressük az új irányokat és fejlődési lehetőségeket. ez jövőnk záloga.', 'nan kiemelt témák\n\nrovatok\n\nportfóliónk minőségi tartalmat jelent minden olvasó számára. egyedülálló elérést, országos lefedettséget és változatos megjelenési lehetőséget biztosít. folyamatosan keressük az új irányokat és fejlődési lehetőségeket. ez jövőnk záloga.']"
6,133,6_forint_milliárd_kft_szijjártó péter,"['forint', 'milliárd', 'kft', 'szijjártó péter', 'szijjártó', 'milliárd forint', 'értékben', 'hazai', 'külgazdasági', 'forint értékben']","['nagy dobás: újabb 150 munkahelyről tett bejelentést szijjártó péter a külgazdasági és külügyminisztérium közleménye szerint a tárcavezető a hazai tulajdonú metal kingdom kft. beruházásának bejelentésén arról számolt be, hogy a fémszerkezeteket gyártó vállalat 7,5 milliárd forint értékben három újabb üzemcsarnokot épít a kormány hárommilliárd forintos támogatásával,', 'újabb, ezúttal 2,5 milliárd forintos beruházást jelentett be szijjártó péter a tárcavezető a controlsoft automatika kft. beruházásának bejelentésén arról számolt be, hogy az ipari automatizálással foglalkozó, hazai tulajdonú cég egy új regionális szolgáltatóközpontot épít mintegy 2,5 milliárd forint értékben, amihez a kormány 940 millió forint támogatást nyújt, így segítve 2', 'szijjártó péter: a hazai tulajdonban lévő vállalkozások jelentik a nemzetgazdaság lelkét – videó a külgazdasági és külügyminisztérium közleménye szerint szijjártó péter a dga gépgyártó és automatizálási kft. friss beruházásának bejelentésén kiemelte, hogy a hazai tulajdonú vállalat kapacitásbővítést hajt végre 4,4 milliárd forint értékben, amihez a kormányzat 1,1 milliárd forint támogatást nyúj']"
7,120,7_migrációs_spanyol_migráció_illegális,"['migrációs', 'spanyol', 'migráció', 'illegális', 'migráns', 'németországban', 'európai', 'európa', 'iráni', 'német']","['kutatóintézet: új, több milliós migrációs hullámot indíthat európa felé az iráni háború ismét fel kell készülnie európának egy súlyos migrációs válságra és egy újabb menekülthullámra a következő időszakban az iráni háború miatt . a mathias corvinus collegium migrációkutató intézetének elemzése szerint, még ha a fegyveres konfliktus el is csitul, a gazdasági és biztonsági helyzet romlás', 'soha nem látott terrorhullám fenyegeti európát? nyugat-európa az elmúlt több mint tíz évben a saját bőrén tapasztalhatta meg, hova vezet a brüsszeli migrációs politika. a 2015-ös migrációs válság óta a terroristák rendszeresen használták ki a határok ellenőrizetlenségét, hogy beszivárogjanak a kontinensre, vagy éppen az itt már letelepedett, inte', 'irán destabilizációja súlyos migrációs nyomást jelenthet európának elhúzódó migrációs válságot hozhat az iráni háború. még ha a fegyveres konfliktus el is csitul, a gazdasági és biztonsági helyzet romlása miatt több millió iráni és az iránban tartózkodó afgán indulhat útnak. emellett radikális csoportok európában is akcióba lendülhetnek. komoly veszélyben lehetnek']"
8,119,8_trump_donald trump_donald_irán,"['trump', 'donald trump', 'donald', 'irán', 'amerikai elnök', 'amerikai', 'elnök', 'egyesült', 'iráni', 'államok']","['üzent trump: olyan lépést fontolgat iránnal kapcsolatban, amely gyökeresen megváltoztathatja a konfliktus menetét az egyesült államok közel került iránt érintő céljai eléréséhez – közölte donald trump amerikai elnök pénteken.\n\naz amerikai elnök internetes közösségi oldalán megjelent bejegyzésében azt is közölte, hogy fontolgatja a katonai művelet intenzitásának csökkentését.\n\ndonald trump szerint a katonai nyom', '„megsemmisítjük a rakétáikat és a rakétagyártó iparukat!” - trump megerősítette, hogy az egyesült államok részt vett az irán elleni támadásban + videó trump a truth socialon közzétett videóban azt mondta, hogy az egyesült államok nagyobb harci műveleteket indított iránban. donald trump (fotó: afp/mandel ngan)', 'donald trump szerint egy észszerűbb iráni vezetéssel folynak tárgyalások donald trump szerint az egyesült államok egy „új és észszerűbb” iráni rezsimmel folytat komoly tárgyalásokat a katonai műveletek lezárásáról - az amerikai elnök erről hétfőn írt internetes bejegyzésében. donald trump szerint egy észszerűbb iráni vezetéssel folynak tárgyalások fotó: afp']"
9,109,9_hormuzi_irán_globális_olaj,"['hormuzi', 'irán', 'globális', 'olaj', 'szoros', 'iráni', 'hormuzi szoros', 'világ', 'háború', 'tengeri']","['válság a hormuzi-szorosban: így hajtja fel az iráni konfliktus az olajárakat – ezt magyarország is megérezheti a perzsa-öblöt az ománi-öböllel összekötő hormuzi-szoros stratégiai jelentősége óriási: a világ egyik legfontosabb kőolaj- és gázexporti útvonala, amelyen keresztül a globális tengeri olajszállítás akár ötöde is áthalad. nem véletlen, hogy amikor a térségben katonai feszültség robban ki, az azonnal', 'totális blokád a hormuzi-szorosban: ezért olyan fontos a titokzatos tengeri átjáró a hormuzi-szoros a globális olajkereskedelem egyik legfontosabb útvonala. a stratégiai jelentőségű tengeri átjárót északon irán, délen pedig az egyesült arab emírségek és omán határolja. a perzsa-öböl menti olajexportálók többsége számára nincs alternatív tengeri kijárat árujuk számára, így a térség', 'a hormuzi-szoros lezárása brutális olajár-emelkedést hozott, és ez még csak a kezdet a hormuzi-szoros a világ egyik legszűkebb tengeri átjárója, emellett pedig a geopolitikai feszültségek és az olajárakat befolyásoló tényezők gyűjtőpontja is. a világszerte szállított olaj mintegy 20 százaléka, többek között szaúd-arábiából, az egyesült arab emírségekből, irakból, kuvaitból és iránbó']"
10,98,10_baleset_történt_tűz_meghaltak,"['baleset', 'történt', 'tűz', 'meghaltak', 'ember', 'ütközött', 'jármű', 'vesztette', 'autó', 'életét']","['halálos tragédia történt révkomáromban, leomlott egy épület bejárata borzasztó baleset történt észak-komárom (révkomárom) egyik legforgalmasabb részén, a hatóságok már vizsgálják a történteket. egy irodaépület tetőszerkezete omlott le teljesen váratlanul, egy ember életét vesztette. egy ember életét vesztette a tragédiában. forrás: polícia sr a kertész utcában találh', 'tragikus baleset budapesten: lezuhant egy autó az árpád hídnál a felüljáróról, ketten meghaltak ketten meghaltak, miután öt autó ütközött budapesten, a váci út és a róbert károly körút kereszteződésében péntek este – közölte a rendőrség a police.hu oldalon.\n\na baleset a göncz árpád városközpontnál álló felüljáróján történt, amelyről az egyik jármű lezuhant. a helyszínen egy ember életét veszte', 'brutális halálos baleset budapesten: 5 autó ütközött, egy a felüljáróról a mélybe zuhant ketten meghaltak, miután öt autó ütközött budapesten, a váci út és a róbert károly körút kereszteződésében péntek este - közölte a a baleset részleteit a rendőrség a police.hu oldalon.\n\na baleset a göncz árpád városközpontnál álló felüljáróján történt, amelyről az egyik jármű lezuhant.\n\na helyszínen']"
11,89,11_keresztény_leó_húsvéti_szent,"['keresztény', 'leó', 'húsvéti', 'szent', 'húsvét', 'xiv leó', 'xiv', 'unokáival', 'muszlim', 'york']","['nagypéntek: a húsvét előtti nap, amelynek titkát sokan nem ismerik 2026-ban április 3-ra, esik a nagypéntek. ez a keresztény liturgia szerint a húsvéti szent háromnap második napja, amikor a hívők nem ünnepelnek látványosan, inkább elcsendesednek, visszafogják magukat, és jézus áldozatára emlékeznek. a templomokban ezen a napon különleges szertartást tartanak, a né', 'a béke erejét hirdette xvi. leó pápa húsvétvasárnapi beszédében „ hallattassuk meg a béke iránti, szívből szóló kiáltást! ” – mondta xiv. leó pápa, aki vasárnap délelőtt a szent péter téri szabadtéri oltárnál mutatott be misét, majd délben a bazilika központi lodzsájáról olvasta fel olasz nyelvű húsvéti beszédét.\n\ntavalyi megválasztása óta ez volt az első húsvét', 'xiv. leó pápa nem hallgatott: brutális igazság a háborúról a szertartás a szent péter tér közepén álló obeliszknél kezdődött, ahol xiv. leó megáldotta a jézus jeruzsálemi bevonulását jelképező olajfaágakat és pálmaleveleket. ezeket tartották kézben bíborosok, püspökök, az egyház más tagjai és a hívők is.\n\na szent péter-bazilika előtti szabadtéri oltárnál mo']"
12,86,12_hankó balázs_hankó_balázs_egyetem,"['hankó balázs', 'hankó', 'balázs', 'egyetem', 'hun', 'hun ren', 'ren', 'kultúráért', 'oktatási', 'alapítvány']","['hankó balázs nagy bejelentést tett kistarcsán – országos mintaprojekt indulhat az egészségügyben együttműködési megállapodást írt alá a semmelweis egyetem és a kistarcsai flór ferenc kórház, amellyel az egész ország számára mintául szolgáló modell jöhet létre – mondta a kulturális és innovációs minisztérium vezetője kistarcsán csütörtökön.\n\nhankó balázs a flór ferenc-kórházban tartott eseményen', 'újabb robotolimpiát rendezne magyarország öt év múlva magyarország újra megrendezné a world robot olympiad döntőjét - jelentette ki a hankó balázs egerben, a heves vármegyei szakképzési centrum szervezésében megrendezett robotech challenge day megnyitóján. hankó balázs kultúráért és innovációért felelős miniszter (fotó: mti/kovács attila) a', 'hankó balázs: kőszegen lesz az új ensz-egyetem a kormány és az országgyűlés döntésének köszönhetően új united nations university intézmény jön létre magyarországon - közölte hankó balázs kultúráért és innovációért felelős miniszter kedden a facebook-oldalán. forrás: bartos gyula / \xa0 facebook hankó balázs a videóban azt mondta: kőszegen a felsőfo']"
13,73,13_elhunyt_meghalt_korában_chuck,"['elhunyt', 'meghalt', 'korában', 'chuck', 'norris', 'chuck norris', 'hunyt', 'legendás', 'alakja', 'halála']","['chuck norris halála után megszólalt a testőre – sokkoló részletek derültek ki chuck norris halála az egész világot megrázta, a legendás akcióhős elvesztése után pedig sorra érkeznek a személyes visszaemlékezések. a család közlése szerint a színész 2026. március 19-én hunyt el 86 éves korában, szerettei körében – írja a tmz .\n\na tmz live műsorában megszólalt tom jones, chuck n', 'chuck norris és orbán viktor nagyon bírták egymást ahogy arról a mandiner is beszámolt , 86 éves korában elhunyt chuck norris. a világhírű amerikai színész és legendás harcművész több szálon is kötődik magyarországhoz.\n\nfeleségével együtt régóta támogatta a magyar baptista szeretetszolgálatot.\n\n2021-ben videóban köszöntötték a szervezetet 25. szület', 'meghalt chuck norris elhunyt chuck norris, a színész instagram-oldalán a következő bejegyzést tette közzé a családja: „nehéz szívvel osztja meg családunk, hogy szeretett chuck norrisunk tegnap reggel váratlanul elhunyt. bár szeretnénk a körülményeket magunkban tartani, mégis tudatjuk mindenkivel: családja körében volt,']"
14,72,14_termék_termékek_fogyasztóvédelmi_hatóság,"['termék', 'termékek', 'fogyasztóvédelmi', 'hatóság', 'élelmiszer', 'üzlet', 'mérgező', 'terméket', 'kereskedelmi', 'termékeket']","['egészségre veszélyes élelmiszer került magyarországi forgalomba, ne egye meg! egészségre potenciálisan veszélyes élelmiszer termékek miatt figyelmeztet a nemzeti élelmiszerlánc-biztonsági hivatal (nébih) . a paco márkájú csomagolt mazsolák egyes kiszereléseiben növényvédőszer-maradékot mutattak ki. a visszahívást a termék gyártója kezdeményezte.\n\ntermék neve: paco mazsola\n\npr', 'mérgező édességek kerültek a hazai boltokba. ne egye meg őket! a vállalkozás által megtett intézkedéseket, továbbá a visszagyűjtött termékek további sorsát a hatóság felügyeli. a mondelez hungária kft. tájékoztatása alapján a termék vételárát a vásárlás helyén visszatérítik.\n\na penész mikroszkopikus gombákból áll, amelyek élelmiszereken is megtelepedhetnek. nem', 'a magyarok egyik kedvenc édességét hívták vissza a boltok polcairól a mondelez hungária kft. a dörmi tejes krémmel töltött puha piskóta megnevezésű termék fogyasztói visszahívását kezdeményezte, mivel lengyelországban a termék több tételében penész jelenlétét azonosították – közölte a nemzeti kereskedelmi és fogyasztóvédelmi hatóság (nkfh) az mti-vel hétfőn.\n\naz nkf']"
15,69,15_kutya_állatok_állat_farkas,"['kutya', 'állatok', 'állat', 'farkas', 'kutyák', 'írja', 'közelében', 'különleges', 'eltűnt', 'téli']","['kamu volt a megható sztori: kiderült az igazság a kínai kutyás videóról a felvétel március 15-én készült a kínai csilin tartományban, csangcsun közelében, és rövid idő alatt több tízmilliós nézettséget ért el. a videón hét kutya látható, amint együtt haladnak az út szélén, a közösségi médiában pedig gyorsan elterjedt az a narratíva, hogy a kutyafalka egy húsüzembe tartó', 'hihetetlen történet kínából: hét kutya megszökött, majd 20 kilométert gyalogoltak haza március 15-én kezdtek el terjedni a felvételek a kínai közösségi oldalakon: a hét tagból álló kutyafalka fegyelmezetten haladt egymás mögött az autópálya szélén, a csangcsun város környéki területeken. a látvány sokakat megdöbbentett. a posztok szerint az állatok nem kóbor ebeknek tűntek – inkább eg', 'megvan a kutyatámadás gyanúsítottja – 3 hónapos csecsemő az áldozat a kutyatámadás – amelyről az origo is beszámolt – az észak-angliai redcar térségében történt csütörtök délután egy családi házban. a három hónapos kislány éppen egy ismerősnél tartózkodott, amikor az állat rátámadt. a gyermek életét már nem tudták megmenteni – számolt be a daily mail .\n\na rendőrség']"
16,69,16_férfit_férfi_felvétel_rendőr,"['férfit', 'férfi', 'felvétel', 'rendőr', 'kényszersorozásról', 'kényszersorozás', 'rendőrség', 'látható', 'utcán', 'tck']","['a hozzátartozója szeme láttára hurcoltak el egy férfit ukrajnában kényszersorozás az utcán. az eset a nyugat-ukrajnai ivano-frankivszk városában történt. a felvételen több egyenruhás férfi – a toborzásért felelős területi hadkiegészítő központ, a tck munkatársai – egy civilt kísérnek egy járműhöz, majd erőszakkal betuszkolják az autóba.\n\na jelenetet egy nő is végi', 'sehol sincs biztonság: otthonról hurcolták el a sorozók áldozatukat újabb felvétel jelent meg a közösségi médiában az ukrán kényszersorozásról. a telegramon közzétett videó szerint odessza egyik lakótelepén több toborzó katona egy férfit erőszakkal vonszolt el, valószínűleg éppen az otthonából.\n\na felvételen az látható, hogy a férfit többen körbefogják, majd egy köz', 'egy egész csapat állt lesben odesszában - megrázó videó a kényszersorozásról az odesszában készült videó az ukrajnai kényszersorozás újabb szörnyű valóságát mutatja meg. a felvételen az látható, hogy több egyenruhás férfi egy autószervizből hurcol el kényszerrel egy férfit. odesszából került elő egy újabb megdöbbentő felvétel a kényszersorozásról (képernyőfotó: telegram)']"
17,63,17_találtak_felfedezés_holttestét_találták,"['találtak', 'felfedezés', 'holttestét', 'találták', 'régészeti', 'bukkantak', 'került', 'holttestet', 'eltűnt', 'emberi']","['elképesztő felfedezés – egy 2000 éves templom vezetett a nyomra a régészeti felfedezés a dániai hedegård területén történt, ahol a kutatók már korábban is különösen gazdag vaskori temetkezési helyeket találtak. az új ásatás azonban egészen rendkívüli eredményt hozott: egy monumentális templom maradványait tárták fel, amely egykor a térség vallási és politikai él', 'szenzációs felfedezés: több ezer éves kincset találtak a walesi nemzeti múzeum közlése szerint két, a római korból származó ólomrudat találtak. a leletek különlegessége, hogy a régióban eddig nem került elő hasonló tárgy. a felfedezés új információkkal szolgálhat a térség ókori múltjáról – számolt be a cbs news.\n\nritka, közel kétezer éves római kori lel', 'sokkoló régészeti felfedezés: brutális erőszak nyomaira bukkantak nem mindennapi régészeti felfedezés borzolja a kedélyeket az egyesült királyságban: egy viking kori kivégzőgödörre bukkantak a cambridge környéki wandlebury country parkban. a university of cambridge hallgatói és régészei szerint a mintegy 1 200 éves lelet az ősi erőszak és határkonfliktus nyomait ő']"
18,58,18_repülőgép_gép_fedélzeten_repülőtéren,"['repülőgép', 'gép', 'fedélzeten', 'repülőtéren', 'baleset', 'járata', 'air', 'utasok', 'lezuhant', 'new']","['most érkezett: lezuhant egy repülőgép, 54 ember meghalt – döbbenetes videó a repülőgép-baleset 2026. március 23-án, hétfőn történt putumayo tartományban, peru határának közelében. a lockheed martin c-130 hercules típusú katonai gép egy incidens részese volt a felszállást követően, a kolumbiai védelmi miniszter pedig azt közölte: minden érintett számára elindították a szüks', 'lezuhant egy repülőgép, csak 3 órával később vették észre, hogy eltűnt lezuhant egy kisrepülő missouri államban a spirit of st. louis repülőtér közelében. a gép másodpercekkel a felszállás után hirtelen veszített a magasságából, a kifutópálya végére zuhant és kigyulladt. a repülőgép-balesetben egy ember – a pilóta – életét vesztette – írja a new york post.\n\naz aero com', 'mentőjárműnek rohant egy repülő – vészhelyzet miatt leállt a reptér vasárnap este repülőgép-baleset történt a new york-i laguardia repülőtéren, ahol egy air canada regionális járata összeütközött egy repülőtéri mentőjárművel – tájékoztat a new york post .\n\na montrealból érkező bombardier crj-900 típusú repülőgép helyi idő szerint 23:40 előtt a 4-es kifutópályán hala']"
19,57,19_bank_nav_jegybank_nemzeti bank,"['bank', 'nav', 'jegybank', 'nemzeti bank', 'magyar nemzeti', '25', 'forint', 'mnb', 'szja', 'mbh']","['meglépte a jegybank, elkezdett csökkenni az alapkamat váratlan döntést hozott a jegybank: csaknem másfél év után ismét csökkentett az alapkamat mértékén a magyar nemzeti bank (mnb). a varga mihály jegybankelnök vezette monetáris tanács kedden 25 bázisponttal csökkentette az irányadó ráta mértékét, ezzel\n\n2024. szeptembere után 6,25 százalékra csökkent', 'varga mihály elárulta: leveszi a gázról a lábát a jegybank, marad az óvatosság nem kezd kamatcsökkentési ciklusba a jegybank, továbbra is adatvezérelt marad a döntéshozatal – mondta varga mihály, a magyar nemzeti bank elnöke, azután, hogy kedden 25 bázisponttal, 6,25 százalékra csökkentette a jegybank monetáris tanácsa az alapkamat mértékét.\n\nösszhangban alakultak a kedvező in', 'döntött a jegybank: ez mindenkire hatással van a magyar nemzeti bank (mnb) monetáris tanácsa 25 bázisponttal 6,25 százalékra csökkentette a jegybanki alapkamatot, és a kamatfolyosó két szélét is ilyen mértékben vitte lejjebb – jelentette be a jegybank kedden. az egynapos (o/n) betéti kamat 5,25 százalékra, a kamatfolyosó felső széle, az egynapos']"
20,51,20_ára_benzin_bruttó_gázolaj,"['ára', 'benzin', 'bruttó', 'gázolaj', 'üzemanyagárak', 'forinttal', 'holtankoljak', 'nagykereskedelmi', 'árak', 'németországban']","['figyelem, így változnak holnaptól az üzemanyagárak emelkednek kedden az üzemanyag nagykereskedelmi árak: a benzin esetében bruttó 4 forintos emelésre lehet számítani, míg a gázolaj ára bruttó 5 forinttal kerül majd többe - jelezte friss bejegyzésében a holtankoljak.hu . a portál adatai szerint a múlt heti árváltozások után hétfőn még a következő ára', 'bekövetkezett, amitől féltünk: mutatjuk az új benzinárakat! magyarországon a benzin nagykereskedelmi ára bruttó 5 forinttal, a gázolaj ára bruttó 8 forinttal drágul március 5-én – derül ki a holtankoljak.hu előrejelzéséből.\n\na 95-ös benzin 571 ft/liter, míg a gázolaj 600 ft/liter lesz csütörtöktől.\n\na portfolio emlékeztet: hétfőn egyetlen nap alatt jelentős', 'nincs megállás: tovább drágul a benzin és a gázolaj, ennyivel fizetünk többet holnaptól a kutakon csütörtökön is folytatódik az üzemanyagárak emelkedése a hazai kutakon. a benzin nagykereskedelmi ára bruttó 5 forinttal, a gázolaj ára bruttó 8 forinttal kúszik feljebb – írta a holtankoljak.hu\n\naz elmúlt napok eseményei alapján nem várható, hogy a drágulás lassulna vagy megállna, sőt, ellenkezőleg']"
21,51,21_fideszes_aktivista_aktivistát_férfi,"['fideszes', 'aktivista', 'aktivistát', 'férfi', 'virág', 'szentendrén', 'plakátokat', 'agresszív', 'gulyás', 'vi']","['hihetetlen döntést hozott a fővárosi törvényszék: szerintük nem politikai indíttatásból verte meg a fideszes aktivistát a plakátrongáló férfi nem rendelt el kényszerintézkedést a fideszes aktivista, bocskai csaba támadójával szemben a budai központi kerületi bíróság, arra hivatkozva, hogy a bántalmazás hátterében nem politikai indíttatás állt.\n\nmint ismert, a napokban budapest vi. kerületében egy plakátrongáló támadt egy fideszes aktivist', '„egyszerűen leütött szó nélkül“  - itt a megtámadott fideszes aktivista vallomása! garázdaság miatt folytat büntetőeljárást a rendőrség bocskai csaba tamás megtámadása ügyében - derült ki a fideszes aktivista lapunk birtokában lévő tanúkihallgatási jegyzőkönyvéből. az aktivistát szerda hajnalban támadta meg egy feltételezhetően ellenzéki szimpatizáns férfi, aki fideszes plakátokat', 'durvul a kampány: megvertek egy fideszes aktivistát, aki számonkérte a plakátrongálót – videó egy videó tanúsága szerint egy férfi budapesten, a vi. kerületi hunyadi tér környékén módszeresen letépte, levágta a fidesz-kdnp helyi jelöltjének plakátjait, miközben a kutyáját sétáltatta. a rongálásra felfigyelt egy fideszes aktivista, aki telefonja kamerájával rögzítette az esetet, majd számon k']"
22,49,22_kábítószer_drog_kokaint_kokain,"['kábítószer', 'drog', 'kokaint', 'kokain', 'kereskedelem', 'delta', 'drogot', 'betegek', 'fellépést', 'került']","['kimondták: „a tisza párt a drogliberalizáció álláspontján áll. ez az uniós elvárás, a tisza a drogosok szavazatára gyúr” hétfő délelőtt horváth lászló kábítószer-kereskedelem felszámolásáért felelős kormánybiztos és dr. töreki sándor vezérőrnagy, bűnügyi országos rendőrfőkapitány-helyettes tartott sajtótájékoztatót azzal kapcsolatban, hogy egy éve indult a kábítószer elleni küzdelem érdekében létrehozott delta program', 'delta program: újabb csapás a kábítószer-kereskedelemre egy sikeres rendőri intézkedés vetett véget annak az útnak, amelynek célja a drog beszerzése volt . a kábítószer azonban nem jutott el rendeltetési helyére, mivel a hatóságok már gyomaendrőd térségében megállították a szállítókat - írta az origo. a drog már nem jutott el a fogyasztókhoz olvasói fotó', 'többtonnányi lefoglalt drog és 11 ezer eljárás – mérlegen a delta program első éve horváth lászló, a kábítószer-kereskedelem felszámolásáért felelős kormánybiztos a közösségi oldalán is beszámolt arról, hogy sajtótájékoztatót tartott annak kapcsán, hogy egy éve indult a kábítószer elleni küzdelem érdekében létrehozott delta program .\n\nhorváth lászló a nemzeti szakértői és kutató k']"
23,47,23_facebook_meta_cenzúra_választások,"['facebook', 'meta', 'cenzúra', 'választások', 'korlátozza', 'közösségi', 'elérését', 'rendszert', 'bama', 'hu']","['példátlan támadást indított az európai bizottság a magyar választások előtt: már aktiválták is a rendszert az olajblokád után jöhet a „ facebook-blokád ” is: az európai bizottság ugyanis aktiválta azt a rendszert, amellyel korlátozni tudja a közösségi médiában megjelenő tartalmakat a magyar választások előtt – közölte dömötör csaba, a fidesz–kdnp európai parlamenti (ep-) képviselője brüsszelben szerdán.', 'az ukránpárti cenzor nem a kezdet: így avatkozott be a facebook a magyar választásokba mario nawfall x-bejegyzéséből kiderült , hogy a facebook korlátozza orbán viktor bejegyzéseit a választások előtti hetekben. elon musk kedvenc bloggere kiemelte, hogy a beavatkozás a jövő hónapban esedékes országgyűlési választások előtt történt, és komoly kérdéseket vet fel a közösségi média politi', 'nyílt politikai beavatkozás: elon musk kedvenc bloggere szerint a választások előtt korlátozza orbán viktor bejegyzéseit a facebook a facebook korlátozza orbán viktor bejegyzéseit a választások előtti hetekben, derült ki mario nawfall x-bejegyzéséből. a beavatkozás a jövő hónapban esedékes országgyűlési választások előtt történt, és komoly kérdéseket vet fel a közösségi média politikai tartalmak kezelésének átláthatóságáról.\n\nna']"
24,47,24_tudását_szeretné_kvíz_sikerül,"['tudását', 'szeretné', 'kvíz', 'sikerül', 'próbára', 'nehéz', 'próbára teszi', 'tudják', 'legjobbak', 'legtöbben']","['tízből nyolc ember elvérzik ezen a forradalmian nehéz kvízen – önnek sikerül? ha szeretné tovább tesztelni a tudását, még több kvízt is kitölthet!', 'húsvéti locsolkodós kvíz – a 4. kérdésnél sokan elbuknak ha szeretné tovább tesztelni a tudását, még több kvízt is kitölthet!', 'ez a kvíz még a legjobbakat is megizzasztja – bevállalja? ha szeretné tovább tesztelni a tudását, még több kvízt is kitölthet!']"
25,42,25_közlekedési_út_lezárások_budapesti,"['közlekedési', 'út', 'lezárások', 'budapesti', 'március 15', 'közölte budapesti', 'március', 'fővárosban', '15', 'bkk']","['brutális lezárások jönnek budapesten: március 15. miatt a fél város megbénulhat a március 15-i nemzeti ünnephez kapcsolódó rendezvények miatt a főváros több kerületében forgalomkorlátozások lesznek - közölte a budapesti rendőr-főkapitányság csütörtökön a police.hu oldalon.\n\na közlemény szerint lezárják március 14-én 0 órától március 16-án 2 óráig a budapest vi. kerületében lévő', 'a delegáció közlekedése miatt újabb lezárások várhatók a fővárosban: mutatjuk a részleteket! a delegáció közlekedése miatt szerdán és csütörtökön lezárások várhatók a fővárosban – közölte a budapesti közlekedési központ (bkk) az mti-vel. a közlemény szerint szerdán napközben elsősorban a zugligeti út–béla király út–istenhegyi út–szent orbán tér–orbánhegyi út–stromfeld aurél út–apor vilmos t', 'annyira jól érzi magát az amerikai alelnök budapesten, hogy marad még egy napot delegáció közlekedése miatt szerdán és csütörtökön lezárások várhatók a fővárosban – közölte a budapesti közlekedési központ (bkk) az mti-vel. a lezárások elsősorban a zugligeti út – béla király út – istenhegyi út – szent orbán tér – orbánhegyi út – stromfeld aurél út – apor vilmos tér – jagelló út']"
26,39,26_robbanás_zsidó_történt_támadás,"['robbanás', 'zsidó', 'történt', 'támadás', 'antiszemita', 'terrortámadás', 'rendőrség', 'londoni', 'cseh', 'robbanás történt']","['lángba borult london – videón a brutális antiszemita támadás antiszemita támadás rázta meg london egyik legnagyobb zsidó közösségét hétfő hajnalban. ismeretlen elkövetők zsidó mentőautókat gyújtottak fel egy zsinagóga közelében, a rendőrség gyűlölet-bűncselekményként vizsgálja az esetet. a támadás jelentős riadalmat keltett a környéken, robbanásokat is hallot', 'eddig kellett várni: begyűrűzhetett európába az iráni háború – robbanás történt reggel belgiumban robbanás történt hétfőre virradóan a belgiumi liege egyik zsinagógája előtt, személyi sérülés nem történt, anyagi kár keletkezett – közölte rendőrségi információk alapján a la libre belgique című, angol nyelvű belga napilap hétfőn.\n\na helyi rendőrség tájékoztatása szerint a robbanás röviddel hajnali', 'újabb antiszemita támadás: mentőautókat gyújtottak fel londonban a bbc tudósítása szerint súlyos, feltehetően antiszemita indíttatású gyújtogatás történt észak-londonban, ahol négy mentőautó vált a lángok martalékává. a járművek a zsidó közösség önkéntes mentőszolgálatához, a hatzola szervezethez tartoztak. az antiszemita támadás a londoni golders green városrész']"
27,39,27_nyugdíj_havi_magyar államkincstár_államkincstár,"['nyugdíj', 'havi', 'magyar államkincstár', 'államkincstár', '13', 'havi nyugdíj', '2026', '14', '13 havi', 'nyugdíjas']","['jó hírt kaptak a nyugdíjasok: előbb érkezik az áprilisi nyugdíj természetesen a megszokott rendnek megfelelően, vagyis ahogy minden évre vonatkozóan előre, úgy 2026-ra is közzétette már decemberben a magyar államkincstár a 2026-ra vonatkozó nyugdíjfolyósítási dátumokat, vagyis azt a napot, melyen az ellátásra jogosultak az ellátás összegének bankszámlájukon tört', 'ezzel a trükkel több százalékkal magasabb lehet a nyugdíj a nyugdíj igénylése előtt érdemes mérlegelni a szabályozási környezetet, a nyugdíjemelés rendszerét és a 13. havi nyugdíj jogosultsági feltételeit. nem mindegy, hogy valaki 2026-ban vagy 2027-ben kéri az ellátást, mert a számítás alapját jelentő valorizációs szorzók évente változnak, és ez hatással', 'a fidesz vállalta és megcsinálta - a 13. után már 14. havi juttatás is jár a nyugdíjasoknak a 13. havi nyugdíj témájáról nem lehet anélkül beszélni, hogy ne idéznénk fel bajnai gordon rövid miniszterelnökségének egyik legfájdalmasabb intézkedését: a juttatás megszüntetését 2009-ben. a baloldali megszorításra az orbán-kormány úgy reagált, hogy felvette vállalásai közé a 13. havi nyugdíj fel']"
28,38,28_menczer_menczer tamás_tamás_18,"['menczer', 'menczer tamás', 'tamás', '18', '00', 'mandiner', 'bujdosó', 'kommunikációs', 'bujdosó andrea', 'kommunikációs igazgatója']","['menczer tamás: nevetséges vagy, peti! újabb éles hangvételű bejegyzést tett közzé a facebookon menczer tamás, a fidesz kommunikációs igazgatója. a politikus magyar pétert, a tisza párt elnökét bírálta, és több állítást is megfogalmazott vele kapcsolatban.\n\nnevetséges vagy, peti!\n\n– ezzel a mondattal kezdte bejegyzését menczer tamás, aki', 'menczer tamás vitázna bujdosó andreával, még virágot is vinne neki menczer tamás felidézte országgyűlési választási ellenfelének, bujdosó andreának a szavait, melyben a tisza párt fővárosi frakciójának vezetője arról számolt be, hogy a kommunikációs igazgató találkozásukkor nem is köszönt neki, így nem gondolja, hogy akarna vele beszélni.\n\nmenczer tamás közölte, ho', 'menczer tamás: ahogy bujdosó andrea menekül a kérdések elől, az szégyenletes + videó - az, ahogyan ön menekül a sajtó elől, szégyenletes - mondta menczer tamás a közösségi oldalára feltöltött videójában, arra reagálva, hogy bujdosó andrea, a tisza fővárosi frakcióvezetője nem volt hajlandó válaszolni a neki feltett kérdésekre. forrás: \xa0facebook/menczer tamás - frakcióvezető asszony,']"
29,37,29_fertőzés_terjed_ütötte fejét_ütötte,"['fertőzés', 'terjed', 'ütötte fejét', 'ütötte', 'vármegyében', 'halálos', 'nemzeti élelmiszerlánc', 'élelmiszerlánc biztonsági', 'biztonsági hivatal', 'élelmiszerlánc']","['pusztít a madárinfluenza, 24 ezer kacsát kell leölni újabb baromfitelepen igazolták a magas patogenitású madárinfluenza jelenlétét csongrád-csanád vármegyében. a vírust egy zsombói pecsenyekacsa-telepen mutatta ki a nemzeti élelmiszerlánc-biztonsági hivatal laboratóriuma – tájékoztat a délmagyar .\n\na fertőzés egy mintegy 24 ezer egyedből álló állomány', 'figyelem! súlyos járvány ütötte fel a fejét a magyar telepeken újabb madárinfluenza-fertőzést azonosítottak magyarországon: ezúttal kiskunfélegyházán, egy mintegy ötezer egyedből álló mulard kacsaállományban mutatta ki a vírust a nemzeti élelmiszerlánc-biztonsági hivatal laboratóriuma .\n\na hatóság közlése szerint az érintett állomány felszámolása már folyamatba', 'súlyos betegség terjed: egész nógrád fertőzött területnek számít a legfrissebb hatósági adatok szerint az sertéspestis nógrád vármegye teljes területén jelen van. a nemzeti élelmiszerlánc-biztonsági hivatal (nébih) térképes nyilvántartása alapján a fertőzés elsősorban a vadon élő vaddisznóállományban terjed, miközben magyarországon eddig kizárólag ezekben az álla']"
30,37,30_gianni_gianni miki_miki_legjobb,"['gianni', 'gianni miki', 'miki', 'legjobb', 'kenyér', 'sajt', 'miklós', 'középpontba', 'készül', 'illat']","['gianni és miki új sorozata: gasztronómia emberi történetekkel gianni annoni és lizsicsár miklós új sorozatukban izgalmas gasztrokalandra hívja a nézőket. a\xa0gianni és miki nyitóepizódjában vakteszten választják ki a legjobb kovászos kenyeret – illat, állag és íz dönt. hamar kiderül azonban, hogy a mindmegette.hu-n futó műsor jóval több a recepteknél: ízek, tája', 'ez a legjobb vörösbor magyarországon – gianni és miki megtalálta a gianni és miki című gasztroműsor ötödik részében gianni annoni és lizsicsár miklós a vörösborok világát vette célba. a mindmegette.hu-n nyomonkövethető sorozatban a páros korábban már a kézműves kenyereket, sajtokat , kolbászokat és chiliszószokat is tesztelte, most pedig a minőségi magyar vörösbo', 'tényleg ez az ország legjobb kolbásza? gianni és miki utánajárt folytatódik gianni és miki gasztrokalandja: az előző részekben már kiderítették, hol készül az ország legjobb sajtja , és azt is megnézték, hol sütik a legfinomabb kovászos kenyeret. most újabb klasszikus magyar kedvenc került a középpontba: a kolbász.\n\ngianni annoni és lizsicsár miklós ezúttal a ké']"
31,37,31_épület_megújult_húsvétvasárnap_ikonikus,"['épület', 'megújult', 'húsvétvasárnap', 'ikonikus', 'szobra', 'egykori', 'négyzetméteres', 'látogatók', 'beszédet mond', 'hegy']","['orbán viktor a megújult citadella átadásán: mi vagyunk a hegy (videó) húsvétvasárnap hivatalosan is megnyitotta kapuit a látogatók előtt a teljesen újjávarázsolt citadella. a 2020 őszén kezdődött, komplex fejlesztési folyamat célja az volt, hogy az egykori rideg, zárt erődítményt egy nyitott, akadálymentesített és élettel teli közösségi térré, valamint modern turiszti', 'megnyílik a citadella: orbán viktor beszédével kezdődik az új korszak új fejezet kezdődik a budapesti citadella történetében: a teljesen megújult erőd húsvét vasárnap megnyitja kapuit a látogatók előtt, az eseményen pedig beszédet mond orbán viktor is.\n\na beruházás célja nem csupán az épület helyreállítása volt, hanem az is, hogy a korábban elzárt, leromlott állapotú', 'megnyílik a megújult citadella, orbán viktor is beszédet mond új fejezet kezdődik a gellért-hegy tetején álló citadella történetében: a hosszú ideig elzárt és leromlott állapotú erőd most modern, nyitott közösségi térként születik újjá. a beruházás célja az volt, hogy a főváros egyik legismertebb panorámapontja ismét méltó állapotban, mindenki számára hozzáfér']"
32,36,32_férfi_főügyészség_törvényszék_bíróság,"['férfi', 'főügyészség', 'törvényszék', 'bíróság', 'ítélték', 'ügyében', 'győri', 'gyilkos', 'nő', 'feleségét']","['19 évet ült börtönben egy férfi egy rablás miatt, amit el sem követett egy new york-i férfit 19 év börtön után engedtek szabadon, miután kiderült, hogy egy olyan rablás miatt ítélték el, amit nem követett el. kenneth windley életéből majdnem két évtizedet vett el a téves ítélet, de a bíróság most felmentette őt, és ezzel véget ért hosszú kálváriája – írja az abc news .', 'emberölés miatt emeltek vádat a feleségét halálra szúró férfi ellen a pest vármegyei főügyészség emberölés bűntette és más bűncselekmények miatt emelt vádat azzal a férfival szemben, aki feleségét halálra szúrta. a főügyészség azt közölte hétfőn az mti-vel, hogy a bűnügy vádlottja, egy budapesti férfi és az áldozat 2022 telén ismerkedtek meg, majd összeköltöztek és', 'évtizedekre börtönbe kerülhet a barátnőjét meggyilkoló férfi a győri fellebbviteli főügyészség a büntetése súlyosítását indítványozta annak a 34 éves férfinak, aki a tizedik emeletről lökte ki barátnőjét. illusztráció. fotó: róka lászló a győri fellebbviteli főügyészség közlése szerint a vádlott a barátnőjével és az édesanyjával költözött 2023 januárjában egy']"
33,33,33_növény_kertben_tavaszi_érdemes,"['növény', 'kertben', 'tavaszi', 'érdemes', 'kert', 'szezon', 'tavasszal', 'különösen', 'krumpli', 'apró']","['4+1 tipp a kertészkedéshez: így előzze meg a tavaszi káoszt a kertben akár virágoskertje, veteményese vagy gyümölcsfái vannak, a szezon előtt érdemes átgondolni a teendőket. a tavaszi kertészkedés egyik titka, hogy a kertet és a talajt már a szezon elején felkészítjük az új növekedési időszakra. így a növények erősebben indulnak fejlődésnek, a kerti munkák pedig sokka', 'itt a medvehagyma-szezon, de nehogy összetévessze ezzel a növénnyel, végzetes lehet! a medvehagyma gyűjtése tavasszal különösen népszerű, főként a dunántúli erdőkben. a növény kedveltsége mellett fontos szempont, hogy könnyű összekeverni a mérgező gyöngyvirággal.\n\ntavasszal ismét megjelenik az erdők egyik legnépszerűbb vadon termő növénye, a medvehagyma, amelyet sokan kifejezetten e', 'a legtöbb kertben ezért lesz kevés a termés – a tavaszi metszés hibái sokan azt gondolják, hogy elég akkor elővenni az ollót, amikor már tartósan jó az idő, pedig a tavaszi metszés idejét nem érdemes elhibázni. ákos, aki évek óta foglalkozik kertgondozással, azt mondja, a legtöbb növény akkor reagál a legjobban, ha még a teljes növekedési időszak előtt kapja meg a szü']"
34,33,34_nettó_százalékkal_nemzetgazdasági_minimálbér,"['nettó', 'százalékkal', 'nemzetgazdasági', 'minimálbér', 'januárban', 'márton', 'ksh', 'statisztikai hivatal', 'nőtt', 'statisztikai']","['megérkeztek az év eleji munkaerőpiaci adatok munkaerőpiaci adatokat tett közzé a központi statisztikai hivatal (ksh): idén januárban a munkanélküliek száma 225 ezer fő, a munkanélküliségi ráta 4,6 százalék volt. a háromhavi adatot vizsgálva kiderül, hogy 2025. november-2026. január időszakban a foglalkoztatottak átlagos létszáma a 15-74 évesek', 'európa legnagyobb adócsökkentésének eredményeként emelkedett a minimálbér és az átlagkereset magyarországon a nemzeti kormány az elmúlt 4 évben a háború ellenére is fönntartotta a korábban vállalt céljait és 2026 januárjától pedig - számos ágazati béremelés mellett - a minimálbért 11 százalékkal, a garantált bérminimumot pedig 7 százalékkal emelte. erre európában senki más nem volt képes. a kormány mindez', 'már 840 000 forint fölött jár a magyar átlagkereset a bruttó kereset mediánértéke 598 700, a nettó kereset mediánértéke 420 200 forintot ért el, 11,0, illetve 12,5 százalékkal magasabb értéket mutatott az előző év azonos időszakánál. a központi statisztikai hivatal (ksh) közlése szerint az átlagkereset kiugró emelkedéséhez elsősorban a honvédelmi és']"
35,32,35_petíció_nemzeti petíció_nemzeti_hidvéghi balázs,"['petíció', 'nemzeti petíció', 'nemzeti', 'hidvéghi balázs', 'hidvéghi', 'kabinetiroda parlamenti', 'kabinetiroda', 'miniszterelnöki kabinetiroda', 'küldték', 'parlamenti államtitkára']","['már online is kitölthető a nemzeti petíció + videó szombattól online is kitölthető a nemzeti petíció - jelentette be a miniszterelnöki kabinetiroda parlamenti államtitkára szombaton a facebook-oldalára feltöltött videójában. hidhvégi balázs fontos ügyben szólalt meg (forrás: képernyőkép) hidvéghi balázs úgy fogalmazott, mostantól egytelen gyors katt', 'nemzeti petíció: fontos részletekre hívta fel a figyelmet az államtitkár (videó) országszerte befejeződik a nemzeti petíció kézbesítése szerdán – közölte a miniszterelnöki kabinetiroda parlamenti államtitkára szerdán a facebook -oldalán.\n\nhidvéghi balázs a közösségi oldalára feltöltött videójában azt mondta:\n\na nemzeti petíciót a válaszboríték segítségével ingyenesen lehet vissz', 'hivatalos: meghosszabbítják a nemzeti petíció beküldésének határidejét (videó) a kormány úgy döntött, hogy április 8-ig meghosszabbítja a nemzeti petíció határidejét – jelentette ki hidvéghi balázs, a miniszterelnöki kabinetiroda parlamenti államtitkára legújabb videójában.\n\n„petíció meghirdetése óta ukrajna minden korábbinál durvább nyomásgyakorlást fejt ki hazánk ellen: poli']"
36,31,36_karácsony_karácsony gergely_gergely_főpolgármester,"['karácsony', 'karácsony gergely', 'gergely', 'főpolgármester', 'fővárosi', 'berlin', 'szentkirályi', 'szentkirályi alexandra', 'alexandra', 'budapesti']","['karácsony gergely még a törvényszéknek is ellentmondott, csak hogy ne legyen helyettese semmibe vette karácsony gergely a fővárosi törvényszék kötelezését és elvonta a fővárosi közgyűlés hatáskörét a főpolgármester-helyettes ügyében – közölte sára botond budapest főváros főispánja facebook-videójában .\n\nezért a fővárosi közgyűlés nem tudta teljesíteni kötelezettségét, amit a jogszabály', 'a kormányhivatal a kúriához fordul karácsony gergely mulasztása miatt + videó karácsony gergely semmibe vette a bíróság kötelezését és elvonta a fővárosi közgyűlés hatáskörét a főpolgármester-helyettes ügyében, így a közgyűlés nem tudta teljesíteni kötelezettségét, amit a jogszabály és a bíróság is előírt számára, hogy válasszon főpolgármester-helyettest. a kormányhivatal azé', 'ukrán zászlókkal árasztotta el budapest belvárosát karácsony gergely – galéria „nincs még egy nemzet, amely az ukránnál több jogot szerzett volna ahhoz, hogy európa tagja legyen” – jelentette ki karácsony gergely főpolgármester azon az ukrajna melletti tüntetésen, amelyet oroszország budapesti nagykövetsége előtt tartottak vasárnap.\n\nkarácsony gergely szerint a világrend éppen']"
37,28,37_nasa_artemis_hold_ii,"['nasa', 'artemis', 'hold', 'ii', 'küldetés', 'kennedy', 'történelmi', 'föld', 'floridai', '20 milliárd']","['történelmi lépést tehet a nasa márciusban a nasa március elejére tűzte ki az artemis–2 küldetés indítását, amely több mint ötven év után ismét embereket juttathat a hold közelébe. a négyfős legénység tíznapos útra indul a hold túlsó oldala körül, ami az emberiség eddigi legtávolabbi űrutazása lehet – írja a bbc .\n\na nasa március 6-át jelölt', 'ezt a 10 dolgot szinte senki sem veszi észre az artemis ii fotóján az artemis ii küldetés a nasa egyik legfontosabb holdküldetése, amely során az orion űrkapszula legénysége rekordtávolságból készített felvételeket. az úgynevezett earthset fotó különösen nagy figyelmet kapott, mivel egyszerre mutatja meg a föld és a hold különleges viszonyát, miközben tudományos sz', 'elképesztő videón az artemis ii felemelkedése az emberiség jövője felé sikeresen elindult az artemis ii a kennedy űrközpontból, fedélzetén az orion űrkabin szállítására szolgáló sls rakétával. a történelmi starttal 54 év után ismét emberek indulnak a hold felé.\n\nlátványos és történelmi pillanatokkal indult el a nasa artemis ii küldetése: a floridai kennedy űrközpontból']"
38,27,38_húsvéti_sonka_húsvét_tojás,"['húsvéti', 'sonka', 'húsvét', 'tojás', 'ünnepi', 'húsvétkor', 'spar', 'húsvétra', 'étel', 'húsvét előtti']","['húsvéti sokk vagy fellélegzés? ezt mutatja idén a tojás, a sonka, a tej és a csoki ára idén kimondottan vegyes képet mutat a húsvéti termékek ára. van, ahol a vásárlók végre fellélegezhetnek, máshol viszont továbbra is mélyebben kell a pénztárcába nyúlni a húsvéti ünnepi asztal előkészítésekor – mutat rá elemzésében az oeconomus gazdaságkutató. a tejtermékek frontján kifejezetten kedv', 'húsvéti sonka: mit tehetünk, ha már csak otthon derül ki a turpisság? a húsvéti készülődés egyik legfontosabb kérdése sok családban az, milyen sonka kerüljön az ünnepi asztalra. a szakemberek szerint, a sonka megvásárlásakor nem elég az árcédulát nézni: legalább ilyen fontos a termék állapota, jelölése, csomagolása és tárolása is. egy rosszul megválasztott sonka nemcs', 'öt fantasztikus töltött tojás húsvétra: ezekért rajongani fog a család a töltött tojás receptek remek alternatívát kínálnak azoknak, akik a klasszikus főtt tojást izgalmasabban tálalnák. ez a húsvéti étel gyorsan elkészül, látványos, és többféle ízvilágban is jól működik.\n\na húsvéti asztalról a sonka és a főtt húsvéti tojás biztosan nem hiányozhat, a klasszikus alapany']"
39,27,39_csalók_intelligencia_mesterséges intelligencia_mesterséges,"['csalók', 'intelligencia', 'mesterséges intelligencia', 'mesterséges', 'csalás', 'mailben', 'sms', 'hamis', 'magyar államkincstár', 'államkincstár']","['mesterséges intelligencia által generált, hamis ítéletekre hivatkozott egy bíró – kitört a botrány a mesterséges intelligencia használata újabb botrányt kavart az igazságszolgáltatásban. india legfelsőbb bírósága élesen bírálta egy alsóbb szintű bíró döntését, miután kiderült: egy ingatlanvita ügyében mesterséges intelligencia által generált, nem létező ítéletekre hivatkozott. a testület szerint', 'vigyázzon, csalók vernék át a magyar államkincstár nevében! erre figyeljen! az infostart arról ír, hogy\n\ncsalók a magyar államkincstár nevében számlakivonat letöltésének ürügyével e-mail üzenetekben keresik az ügyfeleket.\n\na mák közölte: soha nem keresi ügyfeleit a csaló e-mailben szereplő céllal. kérik, ha valaki mégis rákattintott a kártékony linkre, azt azonnal jelezze a', 'itt az új trükk, vigyázzunk a számlaadatainkra! - adathalász e-mailben csalók élnek vissza a magyar államkincstár (mák) nevével - közölte a mák hétfőn az mti-vel. a közlemény szerint a számlakivonat letöltésének ürügyével e-mailben keresnek meg csalók ügyfeleket a magyar államkincstár nevében. a csalók olyan hamis információkat terjesztenek, hogy']"
40,27,40_hajó_tengeri_elsüllyedt_parti őrség,"['hajó', 'tengeri', 'elsüllyedt', 'parti őrség', 'őrség', 'lng', 'parti', 'vízen', 'kréta', 'nevű']","['tragédia a fekete-tengeren: elsüllyedt egy román vontatóhajó, nem volt túlélő elsüllyedt egy vontatóhajó szerda reggel romániában a fekete-tengeri midia kikötőben, a legénység tagjai közül senkit nem sikerült élve kimenteni – írja a hvg .\n\na kikötői hatóság közlése szerint valószínűleg öten tartózkodtak a felborult, a román média által az astana nevű hajóként azonosított járm', 'rettegnek a máltaiak: előkerült a szellemtanker, a fél sziget felrobbanhat a több szigetből álló málta közlekedési hatósága megerősítette: az arctic metagaz nevű lng-tanker a főszigethez közel sodródik a földközi-tengeren, ellentmondva annak a korábbi líbiai jelentésnek, ami szerint a hajó elsüllyedt a március 3-i robbanást követően. az lng-tankert máltától 37 tengeri mérf', 'elsüllyedt egy hajó romániában, keresik a legénység tagjait elsüllyedt egy vontatóhajó szerda reggel romániában a fekete-tengeri midia kikötőben, a legénységből senkit nem sikerült élve kimenteni. a hajóbaleset körülményeit vizsgálják – tájékoztat az mti.\n\na kikötői hatóság közlése szerint valószínűleg öt személy tartózkodott a felborult hajó fedélzetén. egy']"
41,26,41_hamenei_irán_ali_ajatollah,"['hamenei', 'irán', 'ali', 'ajatollah', 'ali hamenei', 'izraeli', 'legfelsőbb', 'hámenei', 'vezetője', 'hamenei ajatollah']","['meghalt hamenei: irán megtorlást ígért, trump visszaüzent irán „pusztító” megtorlást helyezett kilátásba, miután az egyesült államok és irán közötti csapásokban meghalt ali hamenei ajatollah, az ország legfőbb vezetője. az iráni állami televízió közlése szerint hameneit az irodájában érte a halál. az ország 40 napos nemzeti gyászt rendelt el a keményvonala', 'ali hamenei felszólalása várható, miközben eltérő hírek láttak napvilágot róla az iráni állami al-alam tv jelentése szerint ali hamenei, irán legfelsőbb vezetője várhatóan perceken belül beszédet mond a nemzethez. ali hamenei, irán legfelsőbb vezetője várhatóan perceken belül beszédet mond (fotó: afp)', 'végítélet iránban: előkerült az ajatollah holtteste is izraeli hivatalos források szerint meghalt irán legfelsőbb vezetője, ali hamenei ajatollah, miután izrael és az egyesült államok katonai csapásokat hajtott végre irán ellen. erről egy magas rangú izraeli tisztviselő beszélt a reuters hírügynökségnek, aki azt is elmondta: a vallási vezető holttestét']"
42,26,42_vízesés_tó_hazai_fekszik,"['vízesés', 'tó', 'hazai', 'fekszik', 'tavasszal', 'ingyenes', 'számolt', 'turisztikai', 'kilométerre', 'fotók']","['árverésen talált új gazdára a híres vízesés – nem akárki csapott le rá árverésen cserélt gazdát a látványos oregoni abiqua-vízesés: az állam törvényhozása 2,1 millió dollárt (417 millió forintot) hagyott jóvá a vízesés és a környező terület megvásárlására.\n\na vízesés mintegy 50 kilométerre keletre fekszik oregon állam fővárosától, salemtől, és portlandtől körülbelül 80', 'a bontás alatt így lesz használható a hévízi tófürdő nagy bálint, az építési és közlekedési minisztérium (ékm) közlekedésért felelős államtitkára, a térség fideszes országgyűlési képviselője a pénteken a helyszínen tartott sajtótájékoztatón jelezte: hévízt a világörökség részeként szeretnék elismertetni, ebben pedig jelentős szerepe van a gyógyfürdő é', 'óriási fejlesztésre készülnek hévízen - de mi lesz a fürdővel a felújítás alatt? nagy bálint, az építési és közlekedési minisztérium (ékm) közlekedésért felelős államtitkára, a térség fideszes országgyűlési képviselője a helyszínen tartott sajtótájékoztatón jelezte: hévízt a világörökség részeként szeretnék elismertetni, ebben pedig jelentős szerepe van a gyógyfürdő és a kórház']"
43,25,43_női_szexuális_párkapcsolati_nők,"['női', 'szexuális', 'párkapcsolati', 'nők', 'szex', 'leggyakrabban', 'élményt', 'felmérés', 'nemi', 'tökéletes']","['mikor vannak a nők és a férfiak a szexuális teljesítményük csúcsán? mutatjuk! a „szexuális csúcs” kifejezés leggyakrabban arra az időszakra utal, amikor valaki a leggyakrabban él szexuális életet, illetve amikor a testi reakciók – például az orgazmus – a legintenzívebbek. alfred kinsey amerikai szexualitáskutató klasszikus felmérései szerint a férfiak jellemzően már késő tiné', 'a tökéletes női cipő megtalálása minden évszakhoz és stílushoz (x) a divat világa folyamatosan változik, de a megfelelő lábbeli kiválasztása mindig központi szerepet játszik a női öltözködésben. egy jól megválasztott darab nemcsak tökéletesen kiegészíti a ruházatot, hanem valódi önbizalmat is ad viselőjének a mindennapok során. sokan keresik azt az ideális egyensúl', 'női ejakuláció vagy spriccelés? meglepő, amit a kutatók találtak a szakértők szerint fontos különbséget tenni a spriccelés és a női ejakuláció között. előbbi során nagyobb mennyiségű folyadék távozik a húgycsövön keresztül, míg utóbbi egy kisebb mennyiségű, sűrűbb állagú váladék, amely a női prosztatának is nevezett mirigyből származik – írja a badgirlsbible.com']"
44,23,44_kisfiú_baleset_kiesett_ház,"['kisfiú', 'baleset', 'kiesett', 'ház', 'fiú', 'történt', 'beszorult', 'kislány', 'balesetet', 'gyermek']","['nem esett pánikba: életmentés az esztergomi kisfiú döntése nyomán példamutató lélekjelenlétről tett tanúbizonyságot egy gyermek esztergomban, amikor testvére hirtelen rosszul lett. az életmentés a kisfiú gyors döntésének és higgadt reakciójának köszönhetően valósulhatott meg - írja az origo. életmentés esztergomban, kisfiú sietett a testvére segítségére fotó: mw a', 'kiesett egy kisfiú egy ház kilencedik emeletéről, mégsem halt meg kiesett egy másfél éves kisfiú egy ház kilencedik emeletéről szentpéterváron, de a járókelőknek sikerült egy kabáttal felfogniuk, mielőtt a földre zuhant volna - közölte a helyi mentőszolgálat csütörtökön. a baleset szerda délután történt.', 'hihetetlen: kiesett egy másfél éves kisfiú egy ház kilencedik emeletéről, majd megtörtént a csoda kiesett egy másfél éves kisfiú egy ház kilencedik emeletéről szentpéterváron, de a járókelőknek sikerült egy kabáttal felfogniuk, mielőtt a földre zuhant volna – közölte a helyi mentőszolgálat csütörtökön.\n\na baleset szerda délután történt.\n\n„a gyereket kórházba szállították, ahol jelenleg anyjával']"
45,23,45_számokat_zrt_sorsolás_héten,"['számokat', 'zrt', 'sorsolás', 'héten', 'joker', 'megtartott', 'milliárd', 'forintos', 'nyertek', 'útjára']","['kerek számokat húztak ki a hatos lottón – önnek mennyit sikerült eltalálnia? a szerencsejáték zrt. tájékoztatása szerint a 13. héten megtartott hatos lottó számsorsoláson a következő számokat húzták ki:', 'kihúzták a hatos lottó nyerőszámait, sokan nyertek a szerencsejáték zrt. tájékoztatása szerint a 9. héten megtartott hatos lottó számsorsoláson a következő számokat húzták ki:', 'érdekes számokat húztak ki az ötös lottón – ön eltalálta őket? a szerencsejáték zrt. tájékoztatása szerint a 13. héten megtartott ötös lottó és joker számsorsoláson a következő számokat húzták ki:\n\njoker: 864265']"
46,22,46_otthon_otthon start_start_fix,"['otthon', 'otthon start', 'start', 'fix', 'ingatlan', 'adatai', 'program', 'hazai', 'otp', 'százalékos']","['otthon startból nyaralót - nem minden az, aminek látszik az otthon start esetében is nehéz behatárolni, mi számít tisztán befektetési célnak, és ugyanígy nehéz elsőre megállapítani, hogy egy lakóépületként nyilvántartott nyaralót milyen céllal vesz meg valaki. a fix 3 százalékos hitel igénylési számai ugyanakkor az országos népességeloszlásnak megfelelők', 'a fidesz vállalta és megcsinálta - soha nem volt ennyire könnyű fiatalon lakáshoz jutni a kormány közelmúltbéli egyik legnagyobb hatású intézkedése a 2025. szeptember 1-jén elindult otthon start program bevezetése, amely fix 3 százalékos kamatozású lakáshitelt kínál első otthon vásárlásához. a konstrukció keretében legfeljebb 25 éves futamidőre maximum ötvenmillió forint igényelhető, a', 'hankó balázs nagy bejelentést tett – egy program mindent megváltoztathat az otthon start program dinamikusan növekszik, és mára meghaladta a 30 ezret a folyósított hitelszerződések száma – mondta a kulturális és innovációs minisztérium (kim) vezetője szombaton gödöllőn. hankó balázs a harmadik otthon start expón arról beszélt, hogy a kormány olyan otthon- és lakástámogat']"
47,22,47_partra_sodródott_akadt_strandon,"['partra', 'sodródott', 'akadt', 'strandon', 'mentés', 'balti tenger', 'közelében', 'méteres', 'állat', 'balti']","['sokkoló videó: 12 méteres bálna teteme sodródott partra a new york közelében partra sodródott bálna esete nem egyedi, az utóbbi időszakban egyre több hasonló esetet regisztrálnak. a szakemberek szerint a bálna pusztulás hátterében több tényező is állhat, ezért a boncolás során próbálnak pontos válaszokat találni. az eset ismét felveti a tengeri emlősök é', 'közeleg a végítélet? sokkoló dolog bukkant fel a tengerből a világvége-hal két példánya sodródott partra mexikóban, cabo san lucasnál múlt hónapban. a ritka mélytengeri állat különös megjelenése sokak szerint baljós katasztrófát jelezhet elő.\n\nkülönös és baljós jelenet borzolta a kedélyeket mexikóban: két hatalmas evezőshal sodródott partra cabo san lucasná', 'versenyt futnak az idővel: egy bálna életét próbálják megmenteni németországban egy körülbelül 10 méteres púpos bálna rekedt meg a sekély vízben a timmendorfer strand közelében, a balti-tenger partján. az állat több tonnát nyom, és napok óta nem sikerült visszajuttatni a mélyebb vízbe – írja a skynews .\n\na mentés hétfőn kezdődött, amikor a hatóságok – köztük a parti őrség és tű']"
48,20,48_turizmus_százalékkal_vendégek_hazai,"['turizmus', 'százalékkal', 'vendégek', 'hazai', 'korábbinál', 'száma', 'balatoni', 'millió', 'turisztikai', 'töltött']","['ismét rekordot döntött a turisták száma hazánkban magyarország népszerűsége a hazai és nemzetközi utazók körében is töretlenül növekszik: idén februárban csaknem 1,1 millió vendég összesen 2,4 millió vendégéjszakát töltött a magyarországi szálláshelyeken. a vendégek 75 százaléka érkezett a kereskedelmi szálláshelyekre, ahol a számuk 6,5 százalékkal', 'rekordévet zárt a turizmus, de a januári számok sokatmondóan jelzik, mit hoz a tavasz 2025-ben rekordévet zárt a hazai turizmus, a minden korábbinál nagyobb számú – 20 millió – vendég, minden korábbinál több, mintegy 47 millió vendégéjszakát töltött a magyarországi szálláshelyeken. az idei év is jól indult, januárban a vendégek száma 5,3 százalékkal, míg az általuk eltöltött éjszakák', 'lendületben a hazai turizmus: januárban is tovább erősödtek a számok tavaly rekordévet zárt a hazai turizmus, a minden korábbinál nagyobb számú - 20 millió - vendég, minden korábbinál több, mintegy 47 millió vendégéjszakát töltött a magyarországi szálláshelyeken. az idei év is jól indult, az \xa0év első hónapjában a vendégek száma 5,3 százalékkal, míg az általuk eltöltö']"
49,20,49_fiatal_miklós_influenszert_esett,"['fiatal', 'miklós', 'influenszert', 'esett', 'műtét', 'kórházba', 'küzdött', 'állapota', 'orvosok', 'találták holtan']","['kórházba került a híres énekesnő – komoly sérülést szenvedett jessie j ismét egészségi állapota miatt került a figyelem középpontjába, miután egy szerencsétlen baleset következtében fejsérülést és nyaksérülést szenvedett. az énekesnő egy autóba beszállva ütötte be a fejét, ami után azonnal kórházba vitték. jessie j balesetének híre gyorsan elterjedt, különösen', 'rejtélyes tragédia: otthonában találták holtan a szexi influenszert ayşegül eraslan neve a török divatvilágban és a közösségi médiában is ismert volt. a fiatal influenszert pénteken találták meg holtan a saját otthonában, miután családtagjai hiába próbálták elérni, ezért aggódva a lakásához mentek – írja a tmz .\n\na beszámolók szerint amikor senki nem nyitott ajtót,', 'szörnyű fordulat: fiatal anyuka halt meg plasztikai műtét után a 26 ezer követővel rendelkező fitnesztartalom-gyártó több vizsgálaton és két újabb műtéten is átesett, miután a plasztikai műtét után visszatért a kórházba. az orvosok megműtötték a beleit, és egyik petefészkét is eltávolították, ám végül nem tudták megmenteni az életét – írja a daily star .\n\na kór']"
50,19,50_óraátállítás_órákat_nyári_máv,"['óraátállítás', 'órákat', 'nyári', 'máv', '29', 'órára', 'máv csoport', 'időszámítás', 'nyári időszámítás', 'hajnali']","['a hétvégi óraátállítás borítja a menetrendet – fontos közleményt adott ki a máv és a bkk március 29-én vasárnap kezdődik a nyári időszámítás: az órákat hivatalosan hajnali kettőkor három órára állítják át, amihez az érintett belföldi és nemzetközi vonatok, valamint a bkk-járatok, a helyi és helyközi buszjáratok menetrendjei is igazodnak - közölte a máv - csoport és a budapesti közlekedé', 'a máv és a bkk járatai is módosított menetrenddel közlekednek éjszaka az óraátállítás miatt március 29-én vasárnap kezdődik a nyári időszámítás: az órákat hivatalosan hajnali kettőkor három órára állítják át, amihez az érintett belföldi és nemzetközi vonatok, valamint a bkk-járatok, a helyi és helyközi buszjáratok menetrendjei is igazodnak − közölte a máv-csoport és a budapesti közlekedési', 'változik a vonatok közlekedése az óraátállítás miatt a vasárnap hajnali óraátállítás több éjszakai vonatot és egyes helyi, illetve helyközi buszjáratokat is érint - közölte a máv-csoport . március 29-én, vasárnap kezdődik a nyári időszámítás, ezért hajnali kettőkor három órára kell átállítani az órákat, ehhez pedig az érintett járatok menetrendje is i']"
51,19,51_nasa_kutatók_élet_felfedezés,"['nasa', 'kutatók', 'élet', 'felfedezés', 'idegen', 'kutatói', 'föld', 'fedeztek', 'objektum', 'égi']","['megdöbbentő dologra bukkantak a nasa kutatói a felfedezés a curiosity marsjáró több hónapos vizsgálatának eredménye. a nasa szakemberei úgy vélik, hogy a mars dombos területén talált pókhálószerű, úgynevezett „boxwork” gerincek egykori talajvíz mozgására utalhatnak, ami új kérdéseket vet fel az esetleges ősi élet lehetőségével kapcsolatban - t', 'kutatók tudják, hol bukkanhatnak rá az idegen élet nyomaira a földönkívüli élet kutatása során a nasa a naprendszer több égitestét is vizsgálja. a fókusz azokon a helyeken van, ahol korábban adottak lehettek az idegen élet kialakulásához szükséges feltételek.\n\na cornell egyetem carl sagan intézetének kutatói 45 olyan föld-szerű exobolygót azonosítottak, amel', 'meglepő vallomást tett a nasa vezetője az idegen életről – lehet, hogy nem vagyunk egyedül? az idegen élet kérdése ismét előtérbe került egy figyelemfelkeltő nyilatkozat után. a nasa vezetője az univerzum és a földönkívüli élet kutatásának jelentőségéről beszélt az artemis ii holdküldetés kapcsán.\n\njared isaacman, a nasa vezetője szerint meglehetősen nagy az esélye annak, hogy az emberiség']"
52,18,52_budapest_máv_déli_máv csoport,"['budapest', 'máv', 'déli', 'máv csoport', 'vasúti', 'pályaudvar', 'leggyorsabb', 'vonal', 'közötti', 'elindult']","['jobb lesz, ha mindenki felkészül: leáll a déli pályaudvar március 7–8-án, valamint 28–29-én jelentős karbantartási munkálatok miatt szünetel a vasúti forgalom a déli pályaudvar és budapest–kelenföld vasútállomás között – közölte honlapján a máv-csoport. az érintett hétvégéken az utasokat pótlóbuszok szállítják majd.\n\na közlemény szerint a munkálatok célja', 'budapest-belgrád vasútvonal: mi lesz a határon? + videó szijjártó péter külgazdasági és külügyminiszter új videót osztott meg közösségi oldalán, amelyben elmagyarázta a budapest-belgrád határon történő ellenőrzés menetét. a külügyminiszter újságírói kérdésre válaszolva kifejtette, hogy a két vasúttársaság azt vállalta, hogy legkésőbb március 27-én megind', 'ennyi időt lehet megspórolni vonattal budapest és belgrád között – videó szijjártó péter külgazdasági és külügyminiszter új videót osztott meg közösségi oldalán, amelyben elmagyarázta a budapest-belgrád határon történő ellenőrzés menetét. a külügyminiszter újságírói kérdésre válaszolva kifejtette, hogy a két vasúttársaság azt vállalta, hogy legkésőbb március 27-én megind']"
53,18,53_honvédelmi_szalay bobrovniczky_bobrovniczky_szalay,"['honvédelmi', 'szalay bobrovniczky', 'bobrovniczky', 'szalay', 'bobrovniczky kristóf', 'kristóf', 'honvédelmi miniszter', 'egyeztető', 'kritikus', 'infrastruktúra']","['szalay-bobrovniczky kristóf: katonáink már a terepen, megerősítjük a kritikus infrastruktúra védelmét + videó a magyar honvédség katonái megerősítik a védelmet a kijelölt kritikus energetikai végpontokon - közölte szalay-bobrovniczky kristóf facebook-oldalán. a honvédelmi miniszter hozzátette: a magyar emberek és magyarország biztonsága az első! orbán viktor a digitális polgári körök esztergomi gyűlése előt', 'az egyeztető törzsben kezdte a hetet a honvédelmi miniszter, a magyarok biztonsága a tét! – a kritikus infrastruktúra védelmének megerősítésére létrehozott egyeztető törzs folytatta a munkáját ma reggel – közölte legújabb videójában szalay-bobrovniczky kristóf honvédelmi miniszter.\n\nközlése szerint a honvédség a következő napokban az újonnan kijelölt helyszíneken is megjelenik. a döntése', 'szalay-bobrovniczky kristóf: hatvan energetikai végpont kap katonai védelmet megtartotta második ülését a kritikus infrastruktúra védelmének megerősítésére összehívott egyeztető törzs - jelentette be szalay-bobrovniczky kristóf honvédelmi miniszter, aki a tanácskozást követően ismertette a meghozott döntéseket. a tárcavezető hangsúlyozta: a kormány célja a magyar energetikai']"
54,16,54_rázta_kilométerre_legerősebb_mélységben,"['rázta', 'kilométerre', 'legerősebb', 'mélységben', 'helyi idő', 'érezni', 'kor', 'kilométeres', 'regisztrált', 'kárpát']","['most érkezett: 4,6-os erősségű földrengés rázta meg a csallóközt szombaton 13 óra 44 perckor 4,6-os magnitúdójú földrengés történt szlovákiában – közölte az euro–mediterrán szeizmológiai központ . a rengés fészke 10 kilométeres mélységben volt, epicentruma pozsonytól 21 kilométerre délkeletre, valamint somorjától 2 kilométerre délre helyezkedett el.\n\na földrengés', 'földrengés rázta meg a népszerű turistaparadicsomot helyi idő szerint a 12:26-kor bekövetkezett földrengés 10 kilométeres mélységben pattant ki az atlanti-óceán térségében, az enmedio-vulkán közelében, amely tenerife és gran canaria között található. a rengést több mint száz településen érzékelték, köztük népszerű turistaközpontokban is – tájékoztat', 'hatalmas földrengés rázta meg tongát, azonnali riadót rendeltek el tonga térségében, 2026. március 24-én, kedden helyi idő szerint történt a nagy erejű rengés, amelynek epicentruma a tengerben, neiafu városától mintegy 153 kilométerre nyugatra volt. a földrengés több mint 230 kilométeres mélységben pattant ki, ami mérsékelhette a felszíni károkat és a cunami kialak']"
